{
  "data": [
    {
      "id": 1000,
      "name": "James Butt",
      "IsActive": true,
      "remarksImg": "https://images.assetsdelivery.com/compings_v2/pxlprostudio/pxlprostudio1901/pxlprostudio190106172.jpg",
      "remarksImg_tooltip": "The best image",
      "NumOrderInMonth": -200,
      "Date1": "2020-06-15T18:25:00.000Z",
      "Country": "Barbados",
      "brand": "Bmw"
    },
    {
      "id": 1001,
      "name": "Josephine Darakjy",
      "IsActive": true,
      "remarksImg": "https://images.assetsdelivery.com/compings_v2/pxlprostudio/pxlprostudio1901/pxlprostudio190106172.jpg",
      "remarksImg_tooltip": "The best image 02",
      "NumOrderInMonth": 300,
      "Date1": "2020-06-16T18:25:00.000Z",
      "Country": "Chile",
      "brand": "Bmw"

    },
    {
      "id": 1002,
      "name": "Art Venere",
      "IsActive": false,
      "remarksImg": "https://images.assetsdelivery.com/compings_v2/pxlprostudio/pxlprostudio1901/pxlprostudio190106172.jpg",
      "remarksImg_tooltip": "The best image 333",
      "NumOrderInMonth": 500,
      "Date1": "2020-06-17T18:25:00.000Z",
      "Country": "Israel",
      "brand": "Bmw"

    }
  ]
}
