{
    "data": [
        {"Module Type": "BROKERAGE", "Event Code": "ACCCLOSE", "Eng Desc": "Accounting Close", "Heb Desc": "סגירה חשבונאית", "Active": "Y"}, 
        {"Module Type": "BROKERAGE", "Event Code": "ACCOpen", "Eng Desc": "Accounting Open", "Heb Desc": "פתיחת סגירה חשבונאית", "Active": "Y"}, 
        {"Module Type": "BROKERAGE", "Event Code": "ACCUPD", "Eng Desc": "Accounting Update", "Heb Desc": "Accounting Update", "Active": "Y"}, 
        {"Module Type": "BROKERAGE", "Event Code": "ACMINH", "Eng Desc": "Accepted Min Of Health Approval", "Heb Desc": "התקבל אישור שירות המזון", "Active": "Y"}, 
        {"Module Type": "BROKERAGE", "Event Code": "ADDINV", "Eng Desc": "EX WAITING FOR ADDITIONAL INVOICE FROM BAYER", "Heb Desc": "ממתין לחשבון עבודה", "Active": "Y"}, 
        {"Module Type": "BROKERAGE", "Event Code": "AdelId", "Eng Desc": "Attach to delivery id", "Heb Desc": "צורף קוד לתעודת משלוח", "Active": "Y"}, 
        {"Module Type": "BROKERAGE", "Event Code": "AFBIK", "Eng Desc": "AFTER BIKORET", "Heb Desc": "תיק בוקר ניתן לשלם", "Active": "Y"}, 
        {"Module Type": "BROKERAGE", "Event Code": "AGMESRECRP", "Eng Desc": "Agent message received with REPLAY posibilitty", "Heb Desc": "התקבלה הודעת סוכן מהמכס עם אפשרות מענה", "Active": "Y"}, 
        {"Module Type": "BROKERAGE", "Event Code": "AGMESSREC", "Eng Desc": "Agent message received", "Heb Desc": "התקבלה הודעת סוכן מהמכס", "Active": "Y"}, 
        {"Module Type": "BROKERAGE", "Event Code": "AGVCA", "Eng Desc": "Agav Mehaha cancelld", "Heb Desc": "אגב מחאה בוטל", "Active": "Y"}, 
        {"Module Type": "BROKERAGE", "Event Code": "ALERT1", "Eng Desc": "First alert", "Heb Desc": "אזהרה ראשונה", "Active": "Y"}, 
        {"Module Type": "BROKERAGE", "Event Code": "Alert2", "Eng Desc": "Second alert", "Heb Desc": "התארה שניה על חוב", "Active": "Y"}, 
        {"Module Type": "BROKERAGE", "Event Code": "ALFASS", "Eng Desc": "EX ARRIVED LATE FOR ASSEMBLEY", "Heb Desc": "EX ARRIVED LATE FOR ASSEMBLEY", "Active": "Y"}, 
        {"Module Type": "BROKERAGE", "Event Code": "APDDMG", "Eng Desc": "EX TEVA APPROVED DELIVERY WITH DAMAGE", "Heb Desc": "אישור משלוח נזק בסחורה", "Active": "Y"}, 
        {"Module Type": "BROKERAGE", "Event Code": "APF", "Eng Desc": "Automatic paid failed", "Heb Desc": "תשלום אוטומטי נכשל", "Active": "Y"}, 
        {"Module Type": "BROKERAGE", "Event Code": "ATAUPD", "Eng Desc": "ATA UPDATE", "Heb Desc": "ATA UPDATE", "Active": "Y"}, 
        {"Module Type": "BROKERAGE", "Event Code": "AUTOCONF", "Eng Desc": "EX AUTO CONFIRMED", "Heb Desc": "EX AUTO CONFIRMED", "Active": "Y"}, 
        {"Module Type": "BROKERAGE", "Event Code": "BDIKA", "Eng Desc": "EX BDIKA YESODIT", "Heb Desc": "בדיקה יסודית", "Active": "Y"}, 
        {"Module Type": "BROKERAGE", "Event Code": "BIK", "Eng Desc": "Audit Inspection", "Heb Desc": "ביקורת מסמכים", "Active": "Y"}, 
        {"Module Type": "BROKERAGE", "Event Code": "BIKCOO", "Eng Desc": "WRONG CONTRY O ORIGIN", "Heb Desc": "טעות בארץ מקור", "Active": "Y"}, 
        {"Module Type": "BROKERAGE", "Event Code": "bikcosts", "Eng Desc": "wrong additional costs", "Heb Desc": "טעות בהוצאות נוספות", "Active": "Y"}, 
        {"Module Type": "BROKERAGE", "Event Code": "BIKCURCOD", "Eng Desc": "WRONG CURRENCY CODE", "Heb Desc": "קוד מטבע שגוי ", "Active": "Y"}, 
        {"Module Type": "BROKERAGE", "Event Code": "BIKduties", "Eng Desc": "duties not confirmed", "Heb Desc": "תשלום מכס לא אושר", "Active": "Y"}, 
        {"Module Type": "BROKERAGE", "Event Code": "BIKFRVALUE", "Eng Desc": "WRONG FREIGHT VALUE ", "Heb Desc": "ערך הובלה שגוי", "Active": "Y"}, 
        {"Module Type": "BROKERAGE", "Event Code": "bikgen", "Eng Desc": "general BIK failing", "Heb Desc": "ביקורת - טעות כללית אחרת", "Active": "Y"}, 
        {"Module Type": "BROKERAGE", "Event Code": "BIKINCTCOD", "Eng Desc": "WRONG INCOTERMS CODE", "Heb Desc": "תנאי מכר שגוי", "Active": "Y"}, 
        {"Module Type": "BROKERAGE", "Event Code": "bikpermits", "Eng Desc": "wrong permit/ lisence ", "Heb Desc": "טעות בחוקיות היבוא", "Active": "Y"}, 
        {"Module Type": "BROKERAGE", "Event Code": "BIKTARCOD", "Eng Desc": "WRONG TARRIF CODE ", "Heb Desc": "טעות בקוד תעריף ", "Active": "Y"}, 
        {"Module Type": "BROKERAGE", "Event Code": "BikTif", "Eng Desc": "from bik to tiful", "Heb Desc": "התיק הועבר מביקורת לתפעול", "Active": "Y"}, 
        {"Module Type": "BROKERAGE", "Event Code": "BIKVALUE", "Eng Desc": "WRONG VALUE FOR CUSTOMS", "Heb Desc": "טעות בערך הטובין", "Active": "Y"}, 
        {"Module Type": "BROKERAGE", "Event Code": "BLBANK", "Eng Desc": "EX BILL OF LADING NEED BANK ENDORSMENT", "Heb Desc": "EX BILL OF LADING NEED BANK ENDORSMENT", "Active": "Y"}, 
        {"Module Type": "BROKERAGE", "Event Code": "blHAND", "Eng Desc": "bill of LADING HANDED ", "Heb Desc": "שטר מטען נמסר לתפעול", "Active": "Y"}, 
        {"Module Type": "BROKERAGE", "Event Code": "BNKEND", "Eng Desc": "EX BL NEEDS BANK ENDORSMENT", "Heb Desc": "EX BL NEEDS BANK ENDORSMENT", "Active": "Y"}, 
        {"Module Type": "BROKERAGE", "Event Code": "CANCEL", "Eng Desc": "EX CANCELED", "Heb Desc": "EX CANCELED", "Active": "Y"}, 
        {"Module Type": "BROKERAGE", "Event Code": "CargoAVB", "Eng Desc": "Cargo Available ", "Heb Desc": "זמינות", "Active": "Y"}, 
        {"Module Type": "BROKERAGE", "Event Code": "cca", "Eng Desc": "cca", "Heb Desc": "cca", "Active": "Y"}, 
        {"Module Type": "BROKERAGE", "Event Code": "CHKLIC", "Eng Desc": "ChecK License IN MECHES", "Heb Desc": "בדיקת רשיונות במכס שער עולמי", "Active": "Y"}, 
        {"Module Type": "BROKERAGE", "Event Code": "CHKPRT", "Eng Desc": "Cheque Printed", "Heb Desc": "צק הודפס", "Active": "Y"}, 
        {"Module Type": "BROKERAGE", "Event Code": "Class", "Eng Desc": "Classification Done", "Heb Desc": "תיק סווג", "Active": "Y"}, 
        {"Module Type": "BROKERAGE", "Event Code": "CLRISNE", "Eng Desc": "EX CLARIFICATION FOR CLASSIFICATION IS NEEDED", "Heb Desc": "EX CLARIFICATION FOR CLASSIFICATION IS NEEDED", "Active": "Y"}, 
        {"Module Type": "BROKERAGE", "Event Code": "CMISIN", "Eng Desc": "WAITING FOR CLIENT'S DOCS / INFORMATION", "Heb Desc": "חוסר במסמכים/מידע  לקוח", "Active": "N"}, 
        {"Module Type": "BROKERAGE", "Event Code": "cngAC", "Eng Desc": "Accounting Changed", "Heb Desc": "שינוי בהוצאות", "Active": "Y"}, 
        {"Module Type": "BROKERAGE", "Event Code": "CNNARV", "Eng Desc": "EX CONTAINER NOT ARRIVED", "Heb Desc": "EX CONTAINER NOT ARRIVED", "Active": "Y"}, 
        {"Module Type": "BROKERAGE", "Event Code": "CNTRTN", "Eng Desc": "Container RETURN", "Heb Desc": "החזרת מכולה", "Active": "Y"}, 
        {"Module Type": "BROKERAGE", "Event Code": "CNUNL", "Eng Desc": "EX CONTAINER IS UNLOADED", "Heb Desc": "EX CONTAINER IS UNLOADED", "Active": "Y"}, 
        {"Module Type": "BROKERAGE", "Event Code": "CNUNSTF", "Eng Desc": "EX CONTAINER UNSTUFFED", "Heb Desc": "EX CONTAINER UNSTUFFED", "Active": "Y"}, 
        {"Module Type": "BROKERAGE", "Event Code": "COLLRES", "Eng Desc": "Collateral Response", "Heb Desc": "נשלח מענה לבטוחה", "Active": "Y"}, 
        {"Module Type": "BROKERAGE", "Event Code": "ColReqCNCL", "Eng Desc": "Collateral CANCEL", "Heb Desc": "ביטול דרישה לבטוחה", "Active": "Y"}, 
        {"Module Type": "BROKERAGE", "Event Code": "COLREQRCVD", "Eng Desc": "Collateral Receive", "Heb Desc": "התקבלה דרישה לבטוחה", "Active": "Y"}, 
        {"Module Type": "BROKERAGE", "Event Code": "CONFCOS", "Eng Desc": "EX CONFIRMATION FOR SHIPPING COST IS NEEDED", "Heb Desc": "EX CONFIRMATION FOR SHIPPING COST IS NEEDED", "Active": "Y"}, 
        {"Module Type": "BROKERAGE", "Event Code": "CONFCOST", "Eng Desc": "EX CONFIRMATION FOR SHIPPING COSTS IF NEEDED", "Heb Desc": "EX CONFIRMATION FOR SHIPPING COSTS IN NEEDED", "Active": "Y"}, 
        {"Module Type": "BROKERAGE", "Event Code": "CONTINS", "Eng Desc": "Container Inserted", "Heb Desc": "שמירת מכולות", "Active": "Y"}, 
        {"Module Type": "BROKERAGE", "Event Code": "CONTREQ", "Eng Desc": "MASHOV LHOZAT MECHOLA", "Heb Desc": "משוב למסר לבקשת הוצאת מכולה", "Active": "Y"}, 
        {"Module Type": "BROKERAGE", "Event Code": "CONTREQERR", "Eng Desc": "MASHOV LHOZAT MECHOLA FAILD", "Heb Desc": "משוב למסר לבקשת הוצאת מכולה נכשל", "Active": "Y"}, 
        {"Module Type": "BROKERAGE", "Event Code": "ContSND", "Eng Desc": "Send Container Details", "Heb Desc": "שידור פרטי מכולות", "Active": "Y"}, 
        {"Module Type": "BROKERAGE", "Event Code": "CONTSRCH", "Eng Desc": "Search for Containers", "Heb Desc": "בוצע חיפוש מכולות במכס", "Active": "Y"}, 
        {"Module Type": "BROKERAGE", "Event Code": "COO", "Eng Desc": "EX MISSING C.O", "Heb Desc": "חסרה תעודת מקור", "Active": "Y"}, 
        {"Module Type": "BROKERAGE", "Event Code": "COPREQ", "Eng Desc": "MASHOV LHOZAT MECHOLA", "Heb Desc": "משוב למסר לבקשת חברת תובלה להוצאת מכולה", "Active": "Y"}, 
        {"Module Type": "BROKERAGE", "Event Code": "COPREQERR", "Eng Desc": "MASHOV LHOZAT MECHOLA FAILD", "Heb Desc": "משוב למסר לבקשת חברת תובלה להוצאת מכולה נכשל", "Active": "Y"}, 
        {"Module Type": "BROKERAGE", "Event Code": "COPROB", "Eng Desc": "EX C/O PROBLEM", "Heb Desc": "EX C/O PROBLEM", "Active": "Y"}, 
        {"Module Type": "BROKERAGE", "Event Code": "Cpd", "Eng Desc": "customer pays directly", "Heb Desc": "לקוח משלם ישירות למשלח", "Active": "Y"}, 
        {"Module Type": "BROKERAGE", "Event Code": "CreditErr", "Eng Desc": "Paid on credit Failed", "Heb Desc": "תשלום באשראי נכשל", "Active": "Y"}, 
        {"Module Type": "BROKERAGE", "Event Code": "CSHOLD", "Eng Desc": "On Customer Service inquiry", "Heb Desc": "ברור מול שרות לקוחות", "Active": "Y"}, 
        {"Module Type": "BROKERAGE", "Event Code": "CTNCSU", "Eng Desc": "CsSV Update", "Heb Desc": "עדכון CSSV", "Active": "Y"}, 
        {"Module Type": "BROKERAGE", "Event Code": "CTNDEM", "Eng Desc": "Comtainer demurrage", "Heb Desc": "מכולה צברה השהיה", "Active": "Y"}, 
        {"Module Type": "BROKERAGE", "Event Code": "CTNHOLD", "Eng Desc": "Container Hold", "Heb Desc": "מכולה טרם חזרה", "Active": "Y"}, 
        {"Module Type": "BROKERAGE", "Event Code": "CTRAGANS", "Eng Desc": "DECLARATION CONSTRATINT APPEAL", "Heb Desc": "נשלח ערעור לאילוץ", "Active": "Y"}, 
        {"Module Type": "BROKERAGE", "Event Code": "CTRANS", "Eng Desc": "DECLARATION CONSTRAINT ANSWER", "Heb Desc": "התקבלה תשובה לבקשה באילוץ מהמכס", "Active": "Y"}, 
        {"Module Type": "BROKERAGE", "Event Code": "CTRSEND", "Eng Desc": "DECLARATION CONSTRAINT SEND", "Heb Desc": "נשלחה בקשה באילוץ", "Active": "Y"}, 
        {"Module Type": "BROKERAGE", "Event Code": "curel", "Eng Desc": "Karne-Release fm Customs", "Heb Desc": "קרנה - שוחרר מהמכס", "Active": "Y"}, 
        {"Module Type": "BROKERAGE", "Event Code": "CURR", "Eng Desc": "EX CURRENCY DECLERATION", "Heb Desc": "הצהרה על סוג מטבע", "Active": "Y"}, 
        {"Module Type": "BROKERAGE", "Event Code": "Cuscode", "Eng Desc": "Customer Code Change", "Heb Desc": "שינוי קוד לקוח בתיק", "Active": "Y"}, 
        {"Module Type": "BROKERAGE", "Event Code": "CUSCOLLANS", "Eng Desc": "Custom Collateral Response answer", "Heb Desc": "תשובת מכס למענה לבטוחה", "Active": "Y"}, 
        {"Module Type": "BROKERAGE", "Event Code": "CUSSTORAPP", "Eng Desc": "Customs - Storage is approved", "Heb Desc": "בקשה לאחסנה אושרה", "Active": "Y"}, 
        {"Module Type": "BROKERAGE", "Event Code": "CUSSTORDEN", "Eng Desc": "Custom Storage is denied", "Heb Desc": "בקשה לאחסנה נדחתה", "Active": "Y"}, 
        {"Module Type": "BROKERAGE", "Event Code": "custa", "Eng Desc": "customs a", "Heb Desc": "תהליך א", "Active": "Y"}, 
        {"Module Type": "BROKERAGE", "Event Code": "CUSTCAT", "Eng Desc": "NEED CATALOG FOR CUSTOMS", "Heb Desc": "המכס מבקש קטלוג", "Active": "Y"}, 
        {"Module Type": "BROKERAGE", "Event Code": "custcol", "Eng Desc": "customs audit post clearance", "Heb Desc": "ביקורת מכס כוללת לאחר התרה", "Active": "Y"}, 
        {"Module Type": "BROKERAGE", "Event Code": "CUSTDIF", "Eng Desc": "Customer Code Diff", "Heb Desc": "שוני בקוד לקוח ", "Active": "Y"}, 
        {"Module Type": "BROKERAGE", "Event Code": "CUSTUPDT", "Eng Desc": "Declaration updated by Customs", "Heb Desc": "ההצהרה עודכנה על ידי המכס", "Active": "Y"}, 
        {"Module Type": "BROKERAGE", "Event Code": "CUSTVAL", "Eng Desc": "need value for customs", "Heb Desc": "הוכחת ערך למכס", "Active": "Y"}, 
        {"Module Type": "BROKERAGE", "Event Code": "DAMCH", "Eng Desc": "DAMAGE CHECK", "Heb Desc": "בדיקת ניזוק", "Active": "Y"}, 
        {"Module Type": "BROKERAGE", "Event Code": "DCR", "Eng Desc": "Declaration corrected by Customs", "Heb Desc": "ההצהרה תוקנה על ידי המכס", "Active": "Y"}, 
        {"Module Type": "BROKERAGE", "Event Code": "DEC00", "Eng Desc": "סטטוס לא ידוע", "Heb Desc": "סטטוס לא ידוע", "Active": "Y"}, 
        {"Module Type": "BROKERAGE", "Event Code": "DEC01", "Eng Desc": "בוטל", "Heb Desc": "בוטל", "Active": "Y"}, 
        {"Module Type": "BROKERAGE", "Event Code": "DEC02", "Eng Desc": "הוגש,הצהרה שגויה", "Heb Desc": "הוגש,הצהרה שגויה", "Active": "Y"}, 
        {"Module Type": "BROKERAGE", "Event Code": "DEC03", "Eng Desc": "הוגש,מאושר להתרה", "Heb Desc": "הוגש,מאושר להתרה", "Active": "Y"}, 
        {"Module Type": "BROKERAGE", "Event Code": "DEC04", "Eng Desc": "הוגש,ממתין לאישור אילוץ התרה", "Heb Desc": "הוגש,ממתין לאישור אילוץ התרה", "Active": "Y"}, 
        {"Module Type": "BROKERAGE", "Event Code": "DEC05", "Eng Desc": "הוגש,ממתין להחלטת המכס", "Heb Desc": "הוגש,ממתין להחלטת המכס", "Active": "Y"}, 
        {"Module Type": "BROKERAGE", "Event Code": "DEC06", "Eng Desc": "הוגש,ממתין להתרה", "Heb Desc": "הוגש,ממתין להתרה", "Active": "Y"}, 
        {"Module Type": "BROKERAGE", "Event Code": "DEC07", "Eng Desc": "התרה אושרה", "Heb Desc": "התרה אושרה", "Active": "Y"}, 
        {"Module Type": "BROKERAGE", "Event Code": "DEC08", "Eng Desc": "הותר ויצא מאתר בפיקוח המכס", "Heb Desc": "הותר ויצא מאתר בפיקוח המכס", "Active": "Y"}, 
        {"Module Type": "BROKERAGE", "Event Code": "DEC09", "Eng Desc": " טיוטה בוטלה", "Heb Desc": " טיוטה בוטלה", "Active": "Y"}, 
        {"Module Type": "BROKERAGE", "Event Code": "DEC10", "Eng Desc": "טיוטה הוגשה לתאריך עתידי", "Heb Desc": "טיוטה הוגשה לתאריך עתידי", "Active": "Y"}, 
        {"Module Type": "BROKERAGE", "Event Code": "DEC11", "Eng Desc": "טיוטה ממתינה לאישור אילוץ הגשה", "Heb Desc": "טיוטה ממתינה לאישור אילוץ הגשה", "Active": "Y"}, 
        {"Module Type": "HOUSE", "Event Code": " INTTRASDE", "Eng Desc": "Shipping Declaration Error From INTTRA", "Heb Desc": "שגיאה מINTTRA", "Active": "Y"}, 
        {"Module Type": "HOUSE", "Event Code": "ACCCLOSE", "Eng Desc": "ACC CLOSE", "Heb Desc": "תיק נסגר חשבונאי", "Active": "Y"}, 
        {"Module Type": "HOUSE", "Event Code": "ACCCLOSEAU", "Eng Desc": "ACC AUTO CLOSE", "Heb Desc": "תיק נסגר חשבונאי אוטומטית", "Active": "Y"}, 
        {"Module Type": "HOUSE", "Event Code": "ACCOPEN", "Eng Desc": "Acc Open", "Heb Desc": "תיק נפתח חשבונאי", "Active": "Y"}, 
        {"Module Type": "HOUSE", "Event Code": "ACCUPD", "Eng Desc": "Accounting Update", "Heb Desc": "Accounting Update", "Active": "Y"}, 
        {"Module Type": "HOUSE", "Event Code": "ADABOL", "Eng Desc": "Bill of Lading to ADA", "Heb Desc": "שליחת שטר מטען ל-ADA", "Active": "Y"}, 
        {"Module Type": "HOUSE", "Event Code": "adainim", "Eng Desc": "send import invoivce to ada", "Heb Desc": "שליחת חשבוניות ייבוא ל ADA", "Active": "Y"}, 
        {"Module Type": "HOUSE", "Event Code": "ADAINVIM", "Eng Desc": "send import invoices to ada", "Heb Desc": "שליחת חשבוניות ייבוא ל ADA", "Active": "Y"}, 
        {"Module Type": "HOUSE", "Event Code": "ADAINVOICE", "Eng Desc": "Invoice to ADA", "Heb Desc": "שליחת חשבונית ל-ADA", "Active": "Y"}, 
        {"Module Type": "HOUSE", "Event Code": "ADAINVOTH", "Eng Desc": "Invoice to ADA other", "Heb Desc": "שליחת חשבונית ל-ADA אחר", "Active": "Y"}, 
        {"Module Type": "HOUSE", "Event Code": "ADAINVRNR", "Eng Desc": "Send invoice RNR to ADA", "Heb Desc": "שליחת חשבונית  רנר ל-ADA ", "Active": "Y"}, 
        {"Module Type": "HOUSE", "Event Code": "addcost", "Eng Desc": "additional cost", "Heb Desc": "השלמת חיוב", "Active": "Y"}, 
        {"Module Type": "HOUSE", "Event Code": "addtotrace", "Eng Desc": "add file to tracing desktop", "Heb Desc": "החזרת התיק למעקב - טרייסינג דסקטופ", "Active": "Y"}, 
        {"Module Type": "HOUSE", "Event Code": "AGNUN", "Eng Desc": "Agent Identify Faild", "Heb Desc": "זיהוי שגוי של סוכן", "Active": "Y"}, 
        {"Module Type": "HOUSE", "Event Code": "AGTINVCOMP", "Eng Desc": "agentinv comp forinvissu ", "Heb Desc": "הושלם חן סוכןלהפקתחןללקןח", "Active": "Y"}, 
        {"Module Type": "HOUSE", "Event Code": "agtinvmis", "Eng Desc": "No Agent Inv For Inv Issu", "Heb Desc": "חסרח-ן סוכן להפקת ח-ןלקוח", "Active": "Y"}, 
        {"Module Type": "HOUSE", "Event Code": "ALFASS", "Eng Desc": "EX ARRIVED LATE FOR ASSEMBLEY", "Heb Desc": "EX ARRIVED LATE FOR ASSEMBLEY", "Active": "Y"}, 
        {"Module Type": "HOUSE", "Event Code": "AMIL", "Eng Desc": "Delivery to Customs broker", "Heb Desc": "נמסר לעמיל המכס", "Active": "Y"}, 
        {"Module Type": "HOUSE", "Event Code": "APDDMG", "Eng Desc": "EX TEVA APPROVED DELIVERY WITH DAMAGE", "Heb Desc": "אישור משלוח נזק בסחורה", "Active": "Y"}, 
        {"Module Type": "HOUSE", "Event Code": "APPAY", "Eng Desc": "Req Payment approval", "Heb Desc": "נשלח לאישור גביה", "Active": "Y"}, 
        {"Module Type": "HOUSE", "Event Code": "ARV", "Eng Desc": "Documents Received from Carrier", "Heb Desc": "הגיע מטען", "Active": "Y"}, 
        {"Module Type": "HOUSE", "Event Code": "ARVDCHCST", "Eng Desc": "Arv to discharge sent cst", "Heb Desc": "מסר סטטוס נשלח ללקוח", "Active": "Y"}, 
        {"Module Type": "HOUSE", "Event Code": "ARVEX", "Eng Desc": "Exchange Arrival Date", "Heb Desc": "שונה תאריך הגעה", "Active": "Y"}, 
        {"Module Type": "HOUSE", "Event Code": "ARVGW", "Eng Desc": "ARRIVED TO GATEWAY", "Heb Desc": "הגיע לשער", "Active": "Y"}, 
        {"Module Type": "HOUSE", "Event Code": "ARVNOTU", "Eng Desc": "Arrival Notice Update", "Heb Desc": "הודעת הגעה עדכון", "Active": "Y"}, 
        {"Module Type": "HOUSE", "Event Code": "ARVO", "Eng Desc": "Arrival Date Ocean", "Heb Desc": "תאריך הגעה ימי", "Active": "Y"}, 
        {"Module Type": "HOUSE", "Event Code": "ARVTERM", "Eng Desc": "Arrived To Terminal", "Heb Desc": "הגיע לטרמינל", "Active": "Y"}, 
        {"Module Type": "HOUSE", "Event Code": "ARVTRS2", "Eng Desc": "Arv to 2nd Transshipment ", "Heb Desc": "הגעה לנמל שטעון שני", "Active": "Y"}, 
        {"Module Type": "HOUSE", "Event Code": "ARVTRS3", "Eng Desc": "Arv to 3rd Transshipment", "Heb Desc": "הגעה לנמל שטעון שלישי", "Active": "Y"}, 
        {"Module Type": "HOUSE", "Event Code": "ARVTRS4", "Eng Desc": "Arv to 4th Transshipment ", "Heb Desc": "הגעה לנמל שטעון רביעי", "Active": "Y"}, 
        {"Module Type": "HOUSE", "Event Code": "ARVTRS5", "Eng Desc": "Arv To 5th Transshipment ", "Heb Desc": "הגעה לנמל שטעון חמישי", "Active": "Y"}, 
        {"Module Type": "HOUSE", "Event Code": "arvtrscst", "Eng Desc": "Arv to Trans sent to cst", "Heb Desc": "מסר סטטוס נשלח ללקוח", "Active": "Y"}, 
        {"Module Type": "HOUSE", "Event Code": "ARVTRSH", "Eng Desc": "arrived to transshipent port", "Heb Desc": "arrived to transshipent port", "Active": "Y"}, 
        {"Module Type": "HOUSE", "Event Code": "ARVWARNOT ", "Eng Desc": "Arrived to Warehouse  Notic", "Heb Desc": "8", "Active": "Y"}, 
        {"Module Type": "HOUSE", "Event Code": "ATA", "Eng Desc": "Goods Arrival", "Heb Desc": "הגעת טובין", "Active": "Y"}, 
        {"Module Type": "HOUSE", "Event Code": "ATAUPD", "Eng Desc": "ATA UPDATE", "Heb Desc": "ATA UPDATE", "Active": "Y"}, 
        {"Module Type": "HOUSE", "Event Code": "ATS", "Eng Desc": "Actual Sailing", "Heb Desc": "תאריך הפלגה", "Active": "Y"}, 
        {"Module Type": "HOUSE", "Event Code": "ATSEX", "Eng Desc": "Exchange Actual Sailing", "Heb Desc": "שונה תאריך הפלגה", "Active": "Y"}, 
        {"Module Type": "HOUSE", "Event Code": "ATSUPD", "Eng Desc": "ATS UPDATE", "Heb Desc": "ATS UPDATE", "Active": "Y"}, 
        {"Module Type": "HOUSE", "Event Code": "ATTCF", "Eng Desc": "Attach Customer File", "Heb Desc": "הורדת קבצי לקוח", "Active": "Y"}, 
        {"Module Type": "HOUSE", "Event Code": "AUTOCONF", "Eng Desc": "EX AUTO CONFIRMED", "Heb Desc": "EX AUTO CONFIRMED", "Active": "Y"}, 
        {"Module Type": "HOUSE", "Event Code": "AWB-CUT", "Eng Desc": "House Bill Created on AEI", "Heb Desc": "שטר מטען נפתח בלוגיס", "Active": "Y"}, 
        {"Module Type": "HOUSE", "Event Code": "AWB-PRNT", "Eng Desc": "House Bill Printed on AEI", "Heb Desc": "שטר מטען הודפס בלוגיס", "Active": "Y"}, 
        {"Module Type": "HOUSE", "Event Code": "BANKOP", "Eng Desc": "Bank Operational Approve", "Heb Desc": "אישור בנק תפעולי", "Active": "Y"}, 
        {"Module Type": "HOUSE", "Event Code": "BDIKA", "Eng Desc": "EX BDIKA YESODIT", "Heb Desc": "בדיקה יסודית", "Active": "Y"}, 
        {"Module Type": "HOUSE", "Event Code": "bkd", "Eng Desc": "booked", "Heb Desc": "בוקינג", "Active": "Y"}, 
        {"Module Type": "HOUSE", "Event Code": "BKDFAXERR", "Eng Desc": "Booking Fax Error", "Heb Desc": "בוקינג פקס נשלח ללא הצלחה", "Active": "Y"}, 
        {"Module Type": "HOUSE", "Event Code": "BKDNOMATCH", "Eng Desc": "Vessel does not match ", "Heb Desc": "חוסר התאמה בין הבוקינג ", "Active": "Y"}, 
        {"Module Type": "HOUSE", "Event Code": "BKGDELAYCU", "Eng Desc": "brokeragedelayduetocustom", "Heb Desc": "לקוח מעכב עמילות.להפיק חן", "Active": "Y"}, 
        {"Module Type": "HOUSE", "Event Code": "BKGDELAYFC", "Eng Desc": "brokerage delay due FC", "Heb Desc": "עכוב בעמילות בגלל FC", "Active": "Y"}, 
        {"Module Type": "HOUSE", "Event Code": "BLBANK", "Eng Desc": "EX BILL OF LADING NEED BANK ENDORSMENT", "Heb Desc": "EX BILL OF LADING NEED BANK ENDORSMENT", "Active": "Y"}, 
        {"Module Type": "HOUSE", "Event Code": "BLCST", "Eng Desc": "B/L sent to cst", "Heb Desc": "מסר שטר מטען נשלח ללקוח", "Active": "Y"}, 
        {"Module Type": "HOUSE", "Event Code": "Blmaster", "Eng Desc": "Master BL Received", "Heb Desc": "התקבל שטר מטען מאסטר", "Active": "Y"}, 
        {"Module Type": "HOUSE", "Event Code": "BLPDFcst", "Eng Desc": "B/L PDF sent to customer", "Heb Desc": "שטר מטען PDF נשלח ללקוח", "Active": "Y"}, 
        {"Module Type": "HOUSE", "Event Code": "BLRCV", "Eng Desc": "B/L Received  ", "Heb Desc": "התקבל שטר מטען מחברת ספנו", "Active": "Y"}, 
        {"Module Type": "HOUSE", "Event Code": "BNKEND", "Eng Desc": "EX BL NEEDS BANK ENDORSMENT", "Heb Desc": "EX BL NEEDS BANK ENDORSMENT", "Active": "Y"}, 
        {"Module Type": "HOUSE", "Event Code": "bookak", "Eng Desc": "Booking Acknowledgment ", "Heb Desc": "אישור קבלת מסר בוקינג ", "Active": "Y"}, 
        {"Module Type": "HOUSE", "Event Code": "BOOKCANCEL", "Eng Desc": "CANCEL BOOKING", "Heb Desc": "ביטול בוקינג", "Active": "Y"}, 
        {"Module Type": "HOUSE", "Event Code": "BOOKCO", "Eng Desc": "BOOKING CONFIRMATION", "Heb Desc": "אישור בוקינג", "Active": "Y"}, 
        {"Module Type": "HOUSE", "Event Code": "bookcst", "Eng Desc": "Booked status sent to cst", "Heb Desc": "מסר בוקינג נשלח ללקוח", "Active": "Y"}, 
        {"Module Type": "HOUSE", "Event Code": "BOOKED", "Eng Desc": "Booked", "Heb Desc": "הזמנה אושרה", "Active": "Y"}, 
        {"Module Type": "HOUSE", "Event Code": "BOOKMREQ", "Eng Desc": "Booked Mail Request", "Heb Desc": "המתנה להודעת מייל בוקינג ", "Active": "Y"}, 
        {"Module Type": "HOUSE", "Event Code": "BOOKMUPD", "Eng Desc": "Booked Mail Request UPDATE", "Heb Desc": "המתנה להודעת מייל בוקינג עידכון", "Active": "Y"}, 
        {"Module Type": "HOUSE", "Event Code": "BOOKPEND", "Eng Desc": "BOOKING PENDING", "Heb Desc": "רישום בוקינג בהמתנה", "Active": "Y"}, 
        {"Module Type": "HOUSE", "Event Code": "BOOKRCV", "Eng Desc": "Booking Received", "Heb Desc": "אישור קבלת מסר הבוקינג", "Active": "Y"}, 
        {"Module Type": "HOUSE", "Event Code": "BOOKREJ", "Eng Desc": "Booking Rejected", "Heb Desc": "רישום בוקינג נדחה", "Active": "Y"}, 
        {"Module Type": "HOUSE", "Event Code": "BOOKSND", "Eng Desc": "Booking Sent", "Heb Desc": "שליחת בוקיינג", "Active": "Y"}, 
        {"Module Type": "HOUSE", "Event Code": "bookstndby", "Eng Desc": "Booking Stand By ", "Heb Desc": "ממתין לתשובה מחברת הספנות", "Active": "Y"}, 
        {"Module Type": "HOUSE", "Event Code": "BOOKTRC", "Eng Desc": "Booked  ", "Heb Desc": "בוקינג - הודעה ללקוח", "Active": "Y"}, 
        {"Module Type": "HOUSE", "Event Code": "BOOKUTRC", "Eng Desc": "Booked - Update", "Heb Desc": "בוקינג - הודעה ללקוח - עידכון", "Active": "Y"}, 
        {"Module Type": "HOUSE", "Event Code": "BRKADV", "Eng Desc": "Consignee/Broker Notified", "Heb Desc": "הודעה נמסרה לעמיל המכס/לקוח", "Active": "Y"}, 
        {"Module Type": "HOUSE", "Event Code": "CAD", "Eng Desc": "CAD", "Heb Desc": "משלוח CAD", "Active": "Y"}, 
        {"Module Type": "HOUSE", "Event Code": "CADCN", "Eng Desc": "CAD Canceled", "Heb Desc": "ביטול משלוח CAD", "Active": "Y"}, 
        {"Module Type": "HOUSE", "Event Code": "CADRCV", "Eng Desc": "Received CAD Documents", "Heb Desc": "התקבל ניירת CAD", "Active": "Y"}, 
        {"Module Type": "HOUSE", "Event Code": "CANCEL", "Eng Desc": "EX CANCELED", "Heb Desc": "EX CANCELED", "Active": "Y"}, 
        {"Module Type": "HOUSE", "Event Code": "cancelexp", "Eng Desc": "Export cancellation ", "Heb Desc": "ביטול יצוא", "Active": "Y"}, 
        {"Module Type": "HOUSE", "Event Code": "CAPTMAIL", "Eng Desc": "Captain mail printed", "Heb Desc": "הדפסת מעטפת רב חובל", "Active": "Y"}, 
        {"Module Type": "HOUSE", "Event Code": "CarBOOKING", "Eng Desc": "CARRIER BOOKING CHANGE", "Heb Desc": ".", "Active": "Y"}, 
        {"Module Type": "HOUSE", "Event Code": "Cash", "Eng Desc": "Cash Client", "Heb Desc": "לקוח מזומן", "Active": "Y"}, 
        {"Module Type": "HOUSE", "Event Code": "cashclntap", "Eng Desc": "Cash client approved by manager", "Heb Desc": "אישור מנהל ללקוח מזומן", "Active": "Y"}, 
        {"Module Type": "HOUSE", "Event Code": "CCACOM", "Eng Desc": "CCA Completed", "Heb Desc": "CCA Completed", "Active": "Y"}, 
        {"Module Type": "HOUSE", "Event Code": "CCAFM", "Eng Desc": "CCA First Mail", "Heb Desc": "CCA First Mail", "Active": "Y"}, 
        {"Module Type": "HOUSE", "Event Code": "CCAOPN", "Eng Desc": "CCA Open", "Heb Desc": "פתיחת CCA", "Active": "Y"}, 
        {"Module Type": "HOUSE", "Event Code": "CCASM", "Eng Desc": "CCA Second Mail", "Heb Desc": "CCA Second Mail", "Active": "Y"}, 
        {"Module Type": "HOUSE", "Event Code": "CCATM", "Eng Desc": "CCA Third Mail", "Heb Desc": "CCA Third Mail", "Active": "Y"}, 
        {"Module Type": "HOUSE", "Event Code": "CFSGW", "Eng Desc": "Moved from CFS to GW", "Heb Desc": "שטעון  הועבר מ-CFS ל-GW", "Active": "Y"}, 
        {"Module Type": "HOUSE", "Event Code": "checkdem", "Eng Desc": "check demurrage", "Heb Desc": "נבדקה השהיה", "Active": "Y"}, 
        {"Module Type": "HOUSE", "Event Code": "Checked", "Eng Desc": "Checked", "Heb Desc": "תיק נבדק (הוצאות הכנסות)", "Active": "Y"}, 
        {"Module Type": "HOUSE", "Event Code": "CHKPRT", "Eng Desc": "Cheque Printed", "Heb Desc": "צק הודפס", "Active": "Y"}, 
        {"Module Type": "HOUSE", "Event Code": "close", "Eng Desc": "Follow Up Completed", "Heb Desc": "סגירת תיק/מעקב", "Active": "Y"}, 
        {"Module Type": "HOUSE", "Event Code": "closecssv", "Eng Desc": "closed by cssv", "Heb Desc": "CSSV סיים טיפול", "Active": "Y"}, 
        {"Module Type": "HOUSE", "Event Code": "CLRISNE", "Eng Desc": "EX CLARIFICATION FOR CLASSIFICATION IS NEEDED", "Heb Desc": "EX CLARIFICATION FOR CLASSIFICATION IS NEEDED", "Active": "Y"}, 
        {"Module Type": "HOUSE", "Event Code": "CLRORI", "Eng Desc": "Customs cleared at origin", "Heb Desc": "Customs cleared at origin", "Active": "Y"}
    ]
}